{
  "project_info": {
    "project_number": "206412285731",
    "project_id": "deluxoilcompany",
    "storage_bucket": "deluxoilcompany.firebasestorage.app"
  },
  "client": [
    {
      "client_info": {
        "mobilesdk_app_id": "1:206412285731:android:4fae700a832656bee86e96",
        "android_client_info": {
          "package_name": "com.example.deluxoilcompany"
        }
      },
      "oauth_client": [],
      "api_key": [
        {
          "current_key": "AIzaSyA1gTWRW00jwNVHxnfq7ErPv9A3gKvMblE"
        }
      ],
      "services": {
        "appinvite_service": {
          "other_platform_oauth_client": []
        }
      }
    }
  ],
  "configuration_version": "1"
}